N по каталогу;Название товара рус;Название товара eng;;Бренд;Линия;;Для лица;Для тела;Для волос;Маникюр;Педикюр;Депиляция;Аксессуары;Для жирной кожи;для сухой кожи;для возрастной кожи;для чувствительной кожи;для комбинированной кожи;для деликатной;для нормальной;для проблемной кожи; Дневной;ночной;увлажнение;питание;очистка;омоложение;против морщин;отшелушивание;пилинг;скраб;смягчающее;успокаивающее
1;Гель очищающий минеральный для чувствительной нормальной/жирной кожи;Barbados Mineral Cleansing Gel ;;Anna lotan;Barbados;;1;;;;;;;1;;;1;;;1;;;;;;;;;;;;;
2;Очищающая пенка;Barbados Foam Purifying Cleanse;;Anna lotan;Barbados;;1;;;;;;;;;;;;;;;;;;;1;;;;;;;
3;Гидрофильное масло;Purifying Hydrophilic Cleanser;;Anna lotan;Barbados;;1;;;;;;;;;;;;;;;;;;;1;;;;;;;
4;Гидрофильное масло;Purifying Hydrophilic Cleanser;;Anna lotan;Barbados;;1;;;;;;;;;;;;;;;;;;;1;;;;;;;
5;Лосьон для чувствительной нормальной/жирной кожи лица ;Facial Toner for delicate normal to oily skin;;Anna lotan;Barbados;;1;;;;;;;1;;;1;1;;1;;;;;;;;;;;;;
6;Лосьон для чувствительной нормальной/жирной кожи лица ;Facial Toner for delicate normal to oily skin;;Anna lotan;Barbados;;1;;;;;;;1;;;1;1;;1;;;;;;;;;;;;;
7;Био-тоник;Bio Toner;;Anna lotan;Barbados;;;;1;;;;;;;;;;;;;;;;;;;;;;;1;1
8;"Натуральный отшелушивающий гель для деликатной кожи ""СКАЛЕКС"" ";Scalex;;Anna lotan;Barbados;;1;;;;;;;1;;;;;1;;;;;;;;;;;1;;;
9;Крем для жирной кожи;BARBADOS Delicate Oily Skin Balm;;Anna lotan;Barbados;;1;;;;;;;1;;;;;;;;;;;;;;;;;;;
10;Бальзам для чувствительной кожи;Barbados Naturally Preserved Pure Balm;;Anna lotan;Barbados;;1;;;;;;;;;;1;;;;;;;1;;;;;;;;;1
11;Бальзам для чувствительной кожи;Barbados Naturally Preserved Pure Balm;;Anna lotan;Barbados;;1;;;;;;;;;;1;;;;;;;1;;;;;;;;;1
12;Успокаивающий гель на цветочных экстрактах;Calmessence Soothing Fluid Gel;;Anna lotan;Barbados;;1;;;;;;;;;;;;1;;;;;1;;;;;;;;;1
13;Успокаивающий гель на цветочных экстрактах;Calmessence Soothing Fluid Gel;;Anna lotan;Barbados;;1;;;;;;;;;;;;1;;;;;1;;;;;;;;;1
14;Увлажняющий крем-мусс;Calming Whipped Cream;;Anna lotan;Barbados;;1;;;;;;;1;;;1;;;;;;;1;;;;;;;;;
15;Увлажняющий крем-мусс;Calming Whipped Cream;;Anna lotan;Barbados;;1;;;;;;;1;;;1;;;;;;;1;;;;;;;;;
16;Эмульсия для локального нанесения;Barbados Ointment;;Anna lotan;Barbados;;1;;;;;;;;;;;;1;;;;;1;;;;;;;;;
17;Маска Барбадос;Barbados Soothing Mask;;Anna lotan;Barbados;;1;;;;;;;;;;1;;;;;;;1;;;;;;;;;1
18;Солнцезащитный крем с SPF19 для жирной кожи и нормальной кожи;Protective Daily Moisturizer SPF19;;Anna lotan;Barbados;;1;;;;;;;1;;;;;;1;;;;;;;;;;;;1;
19;Крем защитный с SPF20;Barbados Natural Sunscreen Lotion SPF 20;;Anna lotan;Barbados;;1;;;;;;;1;;;1;;;;;;;;;;;;;;;;
20;Кондиционер для кожи головы;Scalp Soothing Leave-On Conditioner;;Anna lotan;Barbados;;;;1;;;;;;;;1;;;;;;;;;;;;;;;;
21;Жидкое минеральное мыло для жирной  и проблемной кожи;CLEAR Mineral Liquid Soap;;Anna lotan;A-CLEAR ;;1;;;;;;;1;;;;;;;1;;;;;;;;;;;;
22;Прополисный лосьон для жирной/проблемной кожи лица;Propolis Lotion;;Anna lotan;A-CLEAR ;;1;;;;;;;1;;;;;;;1;;;;;;;;;;;;
23;"Сыворотка ""Сальвиталь""";Salvital Bio-Peel;;Anna lotan;A-CLEAR ;;1;;;;;;;;;;;;;;;;;;;;;;;;;;
24;"Кристаллический пилинг ""Ананас""";Ananas Crystal Peeling;;Anna lotan;A-CLEAR ;;1;;;;;;;;;;;;;;;;;;;;;;;1;;;
25;"Крем-гель ""Балансер"" для жирной проблемной кожи";A-Clear  Balancer moisturizing emulsion;;Anna lotan;A-CLEAR ;;1;;;;;;;1;;;;;;;1;;;1;;;;;;;;;
26;"Маска ""Провит"" для жирной проблемной кожи";Provit Cream Mask;;Anna lotan;A-CLEAR ;;1;;;;;;;1;;;;;;;1;;;;;;;;;;;;
27;Растительный подсушивающий лосьон для жирной кожи;Herbal Drying Lotion;;Anna lotan;A-CLEAR ;;1;;;;;;;1;;;;;;;;;;;;;;;;;;;
28;Растительный подсушивающий лосьон для жирной кожи;Herbal Drying Lotion;;Anna lotan;A-CLEAR ;;1;;;;;;;1;;;;;;;;;;;;;;;;;;;
29;Стягивающая маска;Astringent Mud Mask ;;Anna lotan;A-CLEAR ;;1;;;;;;;;;;;;;;;;;;;;;;;;;;
30;Активизирующая маска с натуральной грязью Мёртвого Моря серии Black Silt; Black Pearl Activating Mask with natural Dead Sea mud;;Anna lotan;A-CLEAR ;;1;;;;;;;;;;;;;;;;;;;1;;;;;;;
31;Очищающая пена;Nano-In Foam Purifying Cleansing;;Anna lotan; CLEAR;;1;;;;;;;1;;;;;;;1;;;;;1;;;;;;;
32;Очищающая пена;Nano-In Foam Purifying Cleansing;;Anna lotan; CLEAR;;1;;;;;;;1;;;;;;;1;;;;;1;;;;;;;
33;Минеральный скраб;PEELING;;Anna lotan; CLEAR;;1;;;;;;;1;;;;;;;;;;;;;;;;;1;;
34;Пилинг бустер с АНА-16;BOOSTER Professional Peeling Intenifier AHA 16;;Anna lotan; CLEAR;;1;;;;;;;;;;;;;;;;;;;;;;;1;;;
35;Балансирующая увлажняющая маска;MASK;;Anna lotan; CLEAR;;1;;;;;;;1;;;;;;;1;;;1;;;;;;;;;
36;"Гель для поддержания гигиены жирной кожи ""Точечный уход""";Nano-In Clear  Dry Touch;;Anna lotan; CLEAR;;1;;;;;;;1;;;;;;;1;;;;;;;;;;;;
37;Обезжиренный солнцезащитный гель Оил Фри с SPF32;PROTECTOR Oil Free Sunscreen Gel SPF32;;Anna lotan; CLEAR;;1;1;;;;;;1;;;;;;;;;;;;;;;;;;;1
38;Эмульсия очищающая;Alodem Calendula Cleansing Emulsion;;Anna lotan;ALODEM;;1;;;;;;;;;;1;;;;;;;;;;;;;;;;
39;Тоник для лица;Alodem Facial Mist;;Anna lotan;ALODEM;;1;;;;;;;1;;;;1;;;;;;;;;;;;;;;
40;Гель отшелушивающий с азуленом;;;Anna lotan;ALODEM;;1;;;;;;;;;;;;1;;;;;;;;;;1;;;;
41;Крем-гель с альфа-гидрокислотами;Alodem AHA Cream Gel;;Anna lotan;ALODEM;;1;;;;;;;;;;;;;;;;;;;;;;;;;;
42;Деликатный увлажняющий гель;Alodem Delicate Moisturizer;;Anna lotan;ALODEM;;1;;;;;;;;;;;;;;;;;;;;;;;;;;
43;"Ночной крем ""Экстрамель""";Alodem Extramel Night Cream;;Anna lotan;ALODEM;;1;;;;;;;;;;1;;;;;;;;;;;;;;;;
44; Защитный лосьон с SPF31;Alodem Green Tea Protective Lotion SPF31;;Anna lotan;ALODEM;;1;1;;;;;;;;;;;;;;;;;;;;;;;;;
45;Успокаивающая маска;Alodem Soothing Mask;;Anna lotan;ALODEM;;1;;;;;;;;;;;;;;;;;;;;;;;;;;
46;Успокаивающая маска;Alodem Soothing Mask;;Anna lotan;ALODEM;;1;;;;;;;;;;;;;;;;;;;;;;;;;;
47;Миртл-маска;Myrtle Mask;;Anna lotan;ALODEM;;1;;;;;;;;;;1;;;;;;;;;;;;;;;;
48;Миртл-маска;Myrtle Mask;;Anna lotan;ALODEM;;1;;;;;;;;;;1;;;;;;;;;;;;;;;;
49;Жидкое мыло;New Age Control Purifying Liquid Soap;;Anna lotan;NЕW AGE  CONTROL;;1;1;;;;;;;;;;;;;;;;1;;;;;;;;;
50;"Отшелушивающий лосьон ""Новая эра""";NEW AGE CONTROL Exfoliating Freshener;;Anna lotan;NЕW AGE  CONTROL;;1;1;;;;;;;;;;;;;;;;;;1;;;1;;;;
51;"Активный лосьон для лица ""Новая Эра"" ";Revitalizing AHA Face Lotion;;Anna lotan;NЕW AGE  CONTROL;;1;;;;;;;;;;;;;;;;;;;1;;;1;;;;
52;"Активный лосьон для лица ""Новая Эра"" ";Revitalizing AHA Face Lotion;;Anna lotan;NЕW AGE  CONTROL;;1;;;;;;;;;;;;;;;;;;;1;;;1;;;;
53;Крем серии New Age Control;New Age Control Active Beautifying Cream;;Anna lotan;NЕW AGE  CONTROL;;1;;;;;;;;;;;;;;;;;;;;;;;;;;
54;"Активная эмульсия с фруктовыми кислотами ""Новая Эра"""; New Age Control Exfoliating Emulsion;;Anna lotan;NЕW AGE  CONTROL;;1;;;;;;;;;;;;;;;;;;;;;1;;;;;
55;"Маска отшелушивающая ""Пил Оф Маск""";New Age Control Exfoliating Peel Off Mask;;Anna lotan;NЕW AGE  CONTROL;;1;;;;;;;;;;;;;;;;;;;1;;;1;;;;
56;"Маска отшелушивающая ""Пил Оф Маск""";New Age Control Exfoliating Peel Off Mask;;Anna lotan;NЕW AGE  CONTROL;;1;;;;;;;;;;;;;;;;;;;1;;;1;;;;
57;Дневной крем с  SPF29;New Age Control Rejuvenating Day Cream with UV Protection SPF29;;Anna lotan;NЕW AGE  CONTROL;;1;;;;;;;;;;;;;;;;;;;;;;;;;;
58;Профессиональный демакияж ;Professional Make-Up Remover >99% Natural;;Anna lotan;CLASSIC;;1;;;;;;;;;;;;;;;;;;;1;;;;;;;
59;Очищающий гель для всех типов кожи;CLASSIC Creamy Foaming Gel;;Anna lotan;CLASSIC;;1;;;;;;;;1;;;;;;;;;;;1;;;;;;;
60;"Гель минеральный ""Сплеш""";Mineral Splash;;Anna lotan;CLASSIC;;1;;;;;;;;;;;;;;;;;1;;;;;;;;;
61;Энзимный гоммаж-пилинг с экстрактом жемчуга;;;Anna lotan;CLASSIC;;1;;;;;;;;;;;;;;;;;;;;;;;1;;;
62;Энзимный гоммаж-пилинг с экстрактом жемчуга;;;Anna lotan;CLASSIC;;1;;;;;;;;;;;;;;;;;;;;;;;1;;;
63;Микрокристаллическая дермабразия Пилинг;;;Anna lotan;CLASSIC;;1;;;;;;;;;;;;;;;;;;;;;;;1;;;
64;Крем с липозомами;Lipo Soft Cream;;Anna lotan;CLASSIC;;1;;;;;;;;1;;;;;1;;;;;;;;;;;;;
65;"Маска ""Жемчужная"" для нормальной/сухой кожи";Pearl Mask;;Anna lotan;CLASSIC;;1;;;;;;;;1;;;;;1;;;;;;;;;;;;;
66;"Сыворотка ""Гранат"" с витамином С";CLASSIC Pomegrante Serum with Ester C;;Anna lotan;CLASSIC;;1;;;;;;;;;;;;;;;;;;;;;;;;;;
67;"Сыворотка ""Гранат"" с витамином С";CLASSIC Pomegrante Serum with Ester C;;Anna lotan;CLASSIC;;1;;;;;;;;;;;;;;;;;;;;;;;;;;
68;Защитное масло дневное и ночное с SPF5;Classic Day & Night Protective Butter;;Anna lotan;CLASSIC;;1;;;;;;;;;;;;;;;;;;;;;;;;;;
69;Защитный дневной крем с SPF30 для всех типов кожи;White Pearl Protective Day Cream;;Anna lotan;CLASSIC;;1;;;;;;;;;;;;;;;;;;;;;;;;;;
70;Очищающая пенка с экстрактом зеленого чая;Green Tea Cleansing Foam ;;Anna lotan;LIGHTENING CARE  C WHITE;;1;;;;;;;;;;;;;;;;;;;1;;;;;;;
71;"Отшелушивающий скраб для лица ""Фреш С""";Exfoliating Facial Scrub;;Anna lotan;LIGHTENING CARE  C WHITE;;1;;;;;;;;;;;;;;;;;;;;;;1;1;1;;
72;Маска для лица ;C White Lightening Care Fresh Sprouts Facial Mask;;Anna lotan;LIGHTENING CARE  C WHITE;;1;;;;;;;;;;;;;;;;;;;;;;;;;;1
73;Концентрированная сыворотка с витамином С;Ester C Concentrate;;Anna lotan;LIGHTENING CARE  C WHITE;;1;;;;;;;;;;;;;;;;;1;;;;;;;;;
74;Си Вайт Формула - крем с SPF1;C WHITE FORMULA SPF14;;Anna lotan;LIGHTENING CARE  C WHITE;;1;;;;;;;;;;;;;;;;;1;;;;;;;;1;
75;Си Вайт солнцезащитный крем SPF30;C White Daytime Protection SPF 30;;Anna lotan;LIGHTENING CARE  C WHITE;;1;1;;;;;;;;;;;;;;;;1;;;;;;;;;
76;Универсальный очищающий гель для нормальной и сухой кожи;Universal Cleansing Gel;;Anna lotan;RENOVA;;1;;;;;;;;1;;;;;1;;;;;;1;;;;;;;
77;Лосьон для сухой кожи;Facial Toner for Dry Skin;;Anna lotan;RENOVA;;1;;;;;;;;1;;;;;;;;;;;;;;;;;;
78;Бальзам для сухой кожи Ренова;RENOVA Dry Skin Balm ;;Anna lotan;RENOVA;;1;;;;;;;;1;;;;;;;;;;;;;;;;;;
79;Бальзам для сухой кожи Ренова;RENOVA Dry Skin Balm ;;Anna lotan;RENOVA;;1;;;;;;;;1;;;;;;;;;;;;;;;;;;
80;"Маска ""Красота"" для сухой кожи";Beauty Mask For Dry Skin;;Anna lotan;RENOVA;;1;;;;;;;;1;;;;;;;;;1;;;;;;;;;1
81;Комплекс-актив с ретинолом(био эссенс крем-сыворотка против морщин, + капсулы с ретинолом) reatment Set;Renova Dual Action Treatment Se;;Anna lotan;RENOVA;;1;;;;;;;;;;;;;;;;;;;;;1;;;;;
82;Эссенция против морщин с пептидами;Renova Recharging Bio Peptide Essence;;Anna lotan;RENOVA;;1;;;;;;;;;;;;;;;;;;;;;1;;;;;
83;Солнцезащитный крем  для сухой кожи c SPF19;Protective Daily Moisturizer SPF19;;Anna lotan;RENOVA;;1;1;;;;;;;1;;;;;;;;;;;;;;;;;;
84;Крем дневной солнцезащитный для сухой кожи с SPF30;Daytime Protection SPF30;;Anna lotan;RENOVA;;1;;;;;;;;1;;;;;;;;;;;;;;;;;;
85;"Гель ""Япония"" натуральный демакияж";Japanese Gel Natural Eye Makeup Remover;;Anna lotan;GREENS;;1;;;;;;;;;;;;;;;;;;;1;;;;;;1;
86;Деликатный мусс для очищения кожи;GREENS Extra Mild Cleansing Foam;;Anna lotan;GREENS;;1;;;;;;;;;;;;;;;;;;;1;;;;;;;
87;Отшелушивающий скраб; Natural Peeling;;Anna lotan;GREENS;;1;;;;;;;;;;;;;;;;;;;;;;1;1;1;;
88;Нежный крем для кожи вокруг глаз;GREENS Tender Eye Contour Cream;;Anna lotan;GREENS;;1;;;;;;;;1;;;;;;;;;;;;;1;;;;;
89;Крем ночной;GREENS Replenishing Balm Night Time;;Anna lotan;GREENS;;1;;;;;;;;;;;;;;;;1;;;;;1;;;;;
90;Комплекс-актив с ретинолом Greens (жирный ночной крем, 50мл +капсулы с ретинолом, 42шт);Greens Dual Action Treatment Set 50ml+ 42pcs;;Anna lotan;GREENS;;1;;;;;;;;;;;;;;;;;;;;;;;;;;
91;Натуральная эссенция;Pure Essence Skin Supplement;;Anna lotan;GREENS;;1;;;;;;;;;;;;;;;;;;;;;1;;;;;
92;Лифтинг - флюид;GREENS Vital Lifting Fluid;;Anna lotan;GREENS;;1;;;;;;;;;;;;;;;;;1;;;;;;;;;
93;"Лифтинг-крем против морщин ""Пролин"" ";Proligne Lifting Anti Wrinkle Cream;;Anna lotan;GREENS;;1;;;;;;;;1;;;;;;;;;;;;;1;;;;;
94;"Лифтинг-крем против морщин ""Пролин"" ";Proligne Lifting Anti Wrinkle Cream;;Anna lotan;GREENS;;1;;;;;;;;1;;;;;;;;;;;;;1;;;;;
95;"Крем против морщин ""ГРИНС"" ";Wrinkle Relaxing Balm;;Anna lotan;GREENS;;1;;;;;;;;1;;;;;;;;;;;;;1;;;;;
96;"Крем дневной увлажняющий тонирующий с SPF30 ""Камелия""";GREENS Camellia Tinted Day Cream SPF 30+;;Anna lotan;GREENS;;1;;;;;;;;;;;;;;;;;1;;;;;;;;;
97;"Крем дневной увлажняющий тонирующий с SPF30 ""Камелия""";GREENS Camellia Tinted Day Cream SPF 30+;;Anna lotan;GREENS;;1;;;;;;;;;;;;;;;;;1;;;;;;;;;
98;"Активная подтягивающая сыворотка ""ИНСТАНТ ЛИФТ""";Instant Lift;;Anna lotan;GREENS;;1;;;;;;;;;;;;;;;;;;;;;;;;;;
99;"Маска ""Кресс-салат"" для нормальной/сухой кожи";Garden Cress Mask;;Anna lotan;GREENS;;1;;;;;;;;;;;;;;;;;1;;;;1;;;;;1
100;Очищающая пенка с маслом облепихи сибирской;Liquid Gold Foam Wash;;Anna lotan;LIQUID GOLD;;1;;;;;;;1;;;;;;1;;;;;;;;;;;;;
101;Очищающая пенка с маслом облепихи сибирской;Liquid Gold Foam Wash;;Anna lotan;LIQUID GOLD;;1;;;;;;;1;;;;;;1;;;;;;;;;;;;;
102;Молочко очищающее с маслом облепихи сибирской;Liquid Gold Cleansing Milk;;Anna lotan;LIQUID GOLD;;1;;;;;;;1;;;;;;1;;;;;;;;;;;;;1
103;Гель очищающий;Liquid Gold Facial Foaming Ge;;Anna lotan;LIQUID GOLD;;1;;;;;;;1;;;;1;;;;;;1;;;;;;;;1;
104;"Лосьон для лица ""ЗОЛОТОЙ""";Liquid Gold Facial Toner;;Anna lotan;LIQUID GOLD;;1;;;;;;;;;;;;;;;;;;;;;;;;;;
105;"Активный лосьон-гель для лица ""ЗОЛОТОЙ""";Liquid Gold Revitalizing AHA Face Lotion;;Anna lotan;LIQUID GOLD;;1;;;;;;;;;;;;;;;;;;;1;;1;;;;;
106;"Скраб ""Золотой"" с морскими водорослями и маслом облепихи сибирской";Golden Marine Scrub;;Anna lotan;LIQUID GOLD;;1;;;;;;;;;;;;;;;;;1;;1;;;;1;1;;
107;"Флюид ""Золотые капли""";Liquid Gold Marine Fluid;;Anna lotan;LIQUID GOLD;;1;;;;;;;;;;;;;;;;;1;;;;;;;;;
108;"Масло ""Золотые капли""";Liquid Gold Siberian Seabickthorn Oil;;Anna lotan;LIQUID GOLD;;1;;;;;;;;;;;;;;;;;1;;;;;;;;;
109;"Сыворотка ""Золотой шелк""";Golden Silk Facial Serum;;Anna lotan;LIQUID GOLD;;1;;;;;;;;;;;;;;;;;1;;;;;;;;;
110;Крем-гель с маслом облепихи сибирской;Liquid Gold Cream Gel;;Anna lotan;LIQUID GOLD;;1;;;;;;;;;;;;;;;;;1;;;;;;;;1;
111;"Крем дневной ""Золотой"" с маслом облепихи сибирской";Golden Day Cream;;Anna lotan;LIQUID GOLD;;1;;;;;;;;1;;;;1;1;;;;;;;;;;;;;
112;"Крем дневной ""Золотой"" с маслом облепихи сибирской";Golden Day Cream;;Anna lotan;LIQUID GOLD;;1;;;;;;;;1;;;;1;1;;;;;;;;;;;;1;
113;"Крем ночной ""Золотой"" с маслом облепихи сибирской";Golden Night Cream;;Anna lotan;LIQUID GOLD;;1;;;;;;;;;;;;;;;;;;;;;1;;;; ;
114;"Крем ночной ""Золотой"" с маслом облепихи сибирской";Golden Night Cream;;Anna lotan;LIQUID GOLD;;1;;;;;;;;;;;;;;;;;;;;;1;;;;1;
115;"Крем для кожи вокруг глаз ""Золотое масло"" с маслом облепихи сибирской";Solid Gold;;Anna lotan;LIQUID GOLD;;1;;;;;;;;1;;1;;;;;;;;;;;1;;;;;
116;"Крем ""Грино-Голд"" с маслом облепихи сибирской";Greeno-Gold Wrinkle Relaxing Balm;;Anna lotan;LIQUID GOLD;;1;;;;;;;;1;;;;;;;;;;;;;1;;;;;
117;"Маска ""Золотая"" с маслом облепихи сибирской";Golden Facial Mask;;Anna lotan;LIQUID GOLD;;1;;;;;;;;1;;;;;;;;;1;;;;;;;;;
118;"Крем дневной с маслом облепихи сибирской ""Тройной эффект"" для всех типов кожи SPF30+";Triple Benefit Tinted Moisturizing Day Cream SPF30+;;Anna lotan;LIQUID GOLD;;1;;;;;;;;;;;;;;;;;1;;;;;;;;1;
119;Liguid Gold Интенсивная маска для волос;Liguid Gold Intensiv Hair Mask;;Anna lotan;LIQUID GOLD;;;;1;;;;;;;;;;;;;;;;;;;;;;;;
120;Влажные косметические салфетки для снятия макияжа;Liquid Gold Cosmetic Wipe with Liquid Makeup Remover;;Anna lotan;LIQUID GOLD;;1;;;;;;;;;;;;;;;;;;;1;;;;;;;
121;Средство для снятия макияжа для глаз с маслом жожоба;Eyesoclear eye makeup remover;;Anna lotan;EYE AND LIPS CARE  ;;1;;;;;;;;1;;;;;;;;;;;1;;;;;;;
122;Контурный гель для кожи вокруг глаз;Eye Contour Gel;;Anna lotan;EYE AND LIPS CARE  ;;1;;;;;;;;;;;;;;;;;1;;;;1;;;;1;
123;Контурный гель для кожи вокруг глаз;Eye Contour Gel;;Anna lotan;EYE AND LIPS CARE  ;;1;;;;;;;;;;;;;;;;;1;;;;1;;;;1;
124;Гель для век с лифтинг эффектом; Lifting Eye Contour Fluid;;Anna lotan;EYE AND LIPS CARE  ;;1;;;;;;;;;;;;;;;;;1;;;;1;;;;;
125;"Нежный крем для кожи вокруг глаз ""Delicate Replenisher""";Delicate Replenisher for eye contour;;Anna lotan;EYE AND LIPS CARE  ;;1;;;;;;;;;;;;;;;;;;;;;1;;;;;
126;Крем-основа для век и шеи;Under Make Up Eye & Neck Cream;;Anna lotan;EYE AND LIPS CARE  ;;1;;;;;;;;;;;;;;;;;1;;;;;;;;;
127;Бальзам для губ;Plumping Lip Balm;;Anna lotan;EYE AND LIPS CARE  ;;1;;;;;;;;;;;;;;;;;1;;;;;;;;1;
128;Гель основа Колагель;Collagel;;Anna lotan;ПРЕПАРАТЫ  ДЛЯ ПРОХЛАДНОГО ГИДРИРОВАНИЯ;;1;;;;;;;;;;;;;;;;;;;1;;;;;;;
129;Гель основа Колагель;Collagel;;Anna lotan;ПРЕПАРАТЫ  ДЛЯ ПРОХЛАДНОГО ГИДРИРОВАНИЯ;;1;;;;;;;;;;;;;;;;;;;1;;;;;;;
130;Натуральный алоэ-вера гель;Pure Soothing Aloe Vera Natural Gel;;Anna lotan;ПРЕПАРАТЫ  ДЛЯ ПРОХЛАДНОГО ГИДРИРОВАНИЯ;;1;;;;;;;;;;;;;;;;;;;;;;;;;;
131;Натуральный алоэ-вера гель;Pure Soothing Aloe Vera Natural Gel;;Anna lotan;ПРЕПАРАТЫ  ДЛЯ ПРОХЛАДНОГО ГИДРИРОВАНИЯ;;1;;;;;;;;;;;;;;;;;;;;;;;;;;
132;Гидрирующая маска;"Hydrator Intensive Quenching Mask линии ""CLEAR""";;Anna lotan;ПРЕПАРАТЫ  ДЛЯ ПРОХЛАДНОГО ГИДРИРОВАНИЯ;;1;;;;;;;;;;;;;;;;;1;;;;;;;;;1
133;Гель алоэ-вера;Greens Preserved Aloe Pure Gel;;Anna lotan;ПРЕПАРАТЫ  ДЛЯ ПРОХЛАДНОГО ГИДРИРОВАНИЯ;;1;;;;;;;;;;;;;;;;;;;;;;;1;;;1
134;Кальмогель;CalmaGel Sooting Topical Gel;;Anna lotan;ПРЕПАРАТЫ  ДЛЯ ПРОХЛАДНОГО ГИДРИРОВАНИЯ;;1;;;;;;;;;;;;;;;;;;;;;;;;;;1
135;Гель Эхинацея;Echinacea Gel;;Anna lotan;ПРЕПАРАТЫ  ДЛЯ ПРОХЛАДНОГО ГИДРИРОВАНИЯ;;1;;;;;;;;;;;;;;;;;;;;;;;;;;
136;Гель Эхинацея;Echinacea Gel;;Anna lotan;ПРЕПАРАТЫ  ДЛЯ ПРОХЛАДНОГО ГИДРИРОВАНИЯ;;1;;;;;;;;;;;;;;;;;;;;;;;;;;
137;Профессиональный демакияж;Professional Make-Up Remover >99% Natural;;Anna lotan;ПРЕПАРАТЫ ДЛЯ ПРОФЕССИОНАЛЬНОГО ПРИМЕНЕНИЯ;;1;;;;;;;;;;;;;;;;;;;1;;;;;;;
138;Пудра с прополисом для жирной кожи Propolis Propowder;Propolis PROPOWDER;;Anna lotan;ПРЕПАРАТЫ ДЛЯ ПРОФЕССИОНАЛЬНОГО ПРИМЕНЕНИЯ;;1;;;;;;;1;;;;;;;;;;;;1;;;;;;;
139;"Маска для лица ""ТерраМад"": Апельсин";Terramud Mask-Arancia;;Anna lotan;TERRA MUD MASK;;1;;;;;;;;;;;;;;;;;;;;;;;;;;
140;"Маска для лица ""ТерраМад"": Шоколад";Terramud Mask-Cioccolato;;Anna lotan;TERRA MUD MASK;;1;;;;;;;;;;;;;;;;;;;;;;;;;;
141;"Маска для лица ""ТерраМад"": Кофе";TerraMud Mask: Caffe;;Anna lotan;TERRA MUD MASK;;1;;;;;;;;;;;;;;;;;;;;;;;;;;
142;"Маска для лица ""ТерраМад"": Лесная ягода";Terramud Mask-Frutta di Bosco;;Anna lotan;TERRA MUD MASK;;1;;;;;;;;;;;;;;;;;;;;;;;;;;
143;"Маска для лица ""ТерраМад"": Тирамису";Terramud Mask-Tiramisu;;Anna lotan;TERRA MUD MASK;;1;;;;;;;;;;;;;;;;;;;;;;;;;;
144;"Маска для лица ""ТерраМад"": Лимончелло";Terramud Mask-Limoncello;;Anna lotan;TERRA MUD MASK;;1;;;;;;;;;;;;;;;;;;;;;;;;;;
145;"Маска для лица ""ТерраМад"""; LIQUIRIZIA;;Anna lotan;TERRA MUD MASK;;1;;;;;;;;;;;;;;;;;;;;;;;;;;
146;"Сыворотка успокаивающая ""Редлесс""";Redless Calming Treatment Natural 99%;;Anna lotan;АКТИВНЫЕ  АМПУЛЬНЫЕ ПРЕПАРАТЫ;;1;;;;;;;;;;1;;;;;;;;;;;;;;;;
147;"Эссенция ""Клир-Контроль"" для жирной/проблемной кожи";"CONTROL 100% Natural линии ""CLEAR""";;Anna lotan;АКТИВНЫЕ  АМПУЛЬНЫЕ ПРЕПАРАТЫ;;1;;;;;;;1;;;;;;;1;;;;;;;;;;;;
148;"Эмульсия ""Анти Рид"" для сухой кожи";Anti Rides;;Anna lotan;АКТИВНЫЕ  АМПУЛЬНЫЕ ПРЕПАРАТЫ;;1;;;;;;;;1;;;;;;;;;;;;;;;;;;
149;Осветляющий комплекс; Lightening Complex 99% Natural;;Anna lotan;АКТИВНЫЕ  АМПУЛЬНЫЕ ПРЕПАРАТЫ;;1;;;;;;;;;;;;;;;;;;;;;;;;;;
150;Бальзам для Т-зоны;T-Zone Balm 100% Natural;;Anna lotan;АКТИВНЫЕ  АМПУЛЬНЫЕ ПРЕПАРАТЫ;;1;;;;;;;;;;;;;;;;;;;;;;;;;;
151;Обновляющая сыворотка для сухой кожи;Regenerant Natural Oil Supplement;;Anna lotan;АКТИВНЫЕ  АМПУЛЬНЫЕ ПРЕПАРАТЫ;;1;;;;;;;;1;;;;;;;;;;;;;;;;;;
152;Подтягивающая сыворотка;Lifting Fluid Instant Toning;;Anna lotan;АКТИВНЫЕ  АМПУЛЬНЫЕ ПРЕПАРАТЫ;;1;;;;;;;;1;;;;;;;;;;;;;;;;;;
153;"Увлажняющая сыворотка ""Фреш""";Fresh Moisturizing Complex 100% Natural;;Anna lotan;АКТИВНЫЕ  АМПУЛЬНЫЕ ПРЕПАРАТЫ;;1;;;;;;;;;;;;;;;;;1;;;;;;;;;
154;Набор из 8 сывороток;Skin Supplements;;Anna lotan;АКТИВНЫЕ  АМПУЛЬНЫЕ ПРЕПАРАТЫ;;1;1;;;;;;;;;;;;;;;;;;;;;;;;;
155;Капсулы с Ретинолом;Retinol Capsules;;Anna lotan;АКТИВНЫЕ  АМПУЛЬНЫЕ ПРЕПАРАТЫ;;1;;;;;;;;;;;;;;;;;1;;;;1;;;;;
156;Жидкое мыло для интимных участков тела;Liquid Gold Intimate Foam Wash Intimild;;Anna lotan;BODY CARE;;;1;;;;;;;;;;;;;;;;;;;;;;;;;
157;Минеральный скраб для тела;Dead Sea Mineral Body Scrub With Cayenne;;Anna lotan;BODY CARE;;;1;;;;;;;;;;;;;;;;;;;;;;;;;
158;Лосьон для тела с маслом облепихи сибирской серии Liquid Gold;Liquid Gold Body Lotion;;Anna lotan;BODY CARE;;;1;;;;;;;;;;;;;;;;;;;;;;;;;
159;Лосьон для тела с маслом облепихи сибирской серии Liquid Gold;Liquid Gold Body Lotion;;Anna lotan;BODY CARE;;;1;;;;;;;;;;;;;;;;;;;;;;;;;
160;"Крем для тела линии ""GREENS""";Naturally Preserved Body Cream;;Anna lotan;BODY CARE;;;1;;;;;;;1;1;;;;;;;;;;;;;;;;;
161;"Крем для тела линии ""GREENS""";Naturally Preserved Body Cream;;Anna lotan;BODY CARE;;;1;;;;;;;1;1;;;;;;;;;;;;;;;;;
162;Нежный крем для тела для всех типов кожи;Classic  Pampering Body Butter;;Anna lotan;BODY CARE;;;1;;;;;;;;;;;;;;;;;;;;;;;;;
163;"Лосьон с SPF30 ""Парасоль""";Parasol Sunscreen Lotion SPF 30;;Anna lotan;BODY CARE;;;1;;;;;;;;;;;;;;;;1;;;;;;;;1;
164;Крем для рук с минералами Мёртвого моря;Hand Cream With Dead Sea Minerals;;Anna lotan;BODY CARE;;;1;;1;;;;;;;;;;;;;;;;;;;;;;;
165;Антиперспирант крем;Antiperspirant Cream;;Anna lotan;BODY CARE;;;1;;;;;;;;;;;;;;;;;;;;;;;;;
166;Дезодорант;Deodorant Fluid;;Anna lotan;BODY CARE;;;1;;;;;;;;;;;;;;;;;;;;;;;;;
167;"Гель после депиляции ""Аромагель"""; After Depilation Aromagel;;Anna lotan;BODY CARE;;;1;;;;;;;;;;;;;;;;;;1;;;;;;;
168;Био минеральный скраб;Bio Mineral Scrub;;Anna lotan;BODY CARE;;1;;;;;;;;;;;;;;;;;;;;;;;;1;;
169;Бальзам для ног;Mineral Foot Balsam;;Anna lotan;BODY CARE;;;1;;;1;;;;;;;;;;;;;;;;;;;;;;1
170;Бальзам для ног;Mineral Foot Balsam;;Anna lotan;BODY CARE;;;1;;;1;;;;;;;;;;;;;;;;;;;;;;1
171;"Укрепляющий гель для ногтей ""Нони нейл""";Nail Shield;;Anna lotan;BODY CARE;;;;;1;1;;;;;;;;;;;;;;;;;;;;;;
172;Эксклюзивный тонирующий крем Премиум ББ Крем с SPF36;Premium BB Cream;;Anna lotan;МАКИЯЖ С УХАЖИВАЮЩИМ И ЛЕЧЕБНЫМ ЭФФЕКТОМ;;1;;;;;;;;;;;;;;;;;1;;;;1;;;;1;
173;Тональный крем для жирной проблемной кожи;Oil Free Formula;;Anna lotan;МАКИЯЖ С УХАЖИВАЮЩИМ И ЛЕЧЕБНЫМ ЭФФЕКТОМ;;1;;;;;;;1;;;;;;;1;;;;;;;;;;;;
174;Увлажняющий тональный крем;Moisture Complex Foundation;;Anna lotan;МАКИЯЖ С УХАЖИВАЮЩИМ И ЛЕЧЕБНЫМ ЭФФЕКТОМ;;1;;;;;;;;;;;;;;;;;1;;;;;;;;;
175;"Тональный крем ""Ботаникал""";Botanical;;Anna lotan;МАКИЯЖ С УХАЖИВАЮЩИМ И ЛЕЧЕБНЫМ ЭФФЕКТОМ;;1;;;;;;;;;;;;;;;;;1;;;;;;;;;
176;"Пудра рассыпчатая ""Камуфляж"" с SPF17";Concealing Powder Foundation SPF17;;Anna lotan;МАКИЯЖ С УХАЖИВАЮЩИМ И ЛЕЧЕБНЫМ ЭФФЕКТОМ;;1;;;;;;;;;;;;;;;;;;;;;;;;;;
177;Пудра компактная, тон №0-2; Pressed Finishing Powder;;Anna lotan;МАКИЯЖ С УХАЖИВАЮЩИМ И ЛЕЧЕБНЫМ ЭФФЕКТОМ;;1;;;;;;;;;;;;;;;;;;;;;;;;;;
178;Косметичка Анна Лотан ;;;Anna lotan;СОПУТСТВУЮЩИЕ АКСЕССУАРЫ;;;;;;;;1;;;;;;;;;;;;;;;;;;;;
179;Крышка-дозатор с помпой 4мл ;;;Anna lotan;СОПУТСТВУЮЩИЕ АКСЕССУАРЫ;;;;;;;;1;;;;;;;;;;;;;;;;;;;;
